City_ID,City,Country,Date,Lat,Lng,Max Temp,Humidity,Cloudiness,Wind Speed
0,Grand Gaube,MU,2021-04-24 23:13:17,-20.0064,57.6608,78.01,82,100,8.99
1,Dinghai,CN,2021-04-24 23:13:18,26.2847,119.7936,66.2,88,75,13.42
2,Koungheul,SN,2021-04-24 23:13:18,13.9833,-14.8,83.66,26,17,12.3
3,Khatanga,RU,2021-04-24 23:13:18,71.9667,102.5,30.83,95,100,16.08
4,Hobart,AU,2021-04-24 23:09:51,-42.8794,147.3294,54.0,71,75,11.5
5,Rio Gallegos,AR,2021-04-24 23:13:19,-51.6226,-69.2181,48.2,66,0,6.91
6,Port Elizabeth,ZA,2021-04-24 23:13:19,-33.918,25.5701,55.4,100,90,3.44
7,Geraldton,AU,2021-04-24 23:10:32,-28.7667,114.6,57.2,82,49,9.22
8,Qaanaaq,GL,2021-04-24 23:10:57,77.484,-69.3632,27.68,69,94,7.36
9,Vila Velha,BR,2021-04-24 23:08:29,-20.3297,-40.2925,75.2,83,75,1.14
10,Benguela,AO,2021-04-24 23:13:20,-12.5763,13.4055,80.19,83,100,2.8
11,Cape Town,ZA,2021-04-24 23:13:20,-33.9258,18.4232,61.0,88,0,1.14
12,Tasiilaq,GL,2021-04-24 23:11:08,65.6145,-37.6368,39.2,75,75,5.75
13,Luderitz,NA,2021-04-24 23:13:21,-26.6481,15.1594,63.03,78,30,2.51
14,Megion,RU,2021-04-24 23:13:21,61.0296,76.1136,35.6,93,100,2.24
15,Bredasdorp,ZA,2021-04-24 23:13:21,-34.5322,20.0403,48.2,93,80,3.44
16,Rawson,AR,2021-04-24 23:08:23,-43.3002,-65.1023,58.53,55,12,7.2
17,Galdar,ES,2021-04-24 23:13:22,28.147,-15.6502,66.99,88,75,4.61
18,Catarman,PH,2021-04-24 23:13:22,12.4989,124.6377,78.24,84,75,1.54
19,Nemuro,JP,2021-04-24 23:13:22,43.3236,145.575,35.89,93,100,15.32
20,Greece,US,2021-04-24 23:13:23,43.2098,-77.6931,60.01,41,90,9.22
21,Port Hardy,CA,2021-04-24 23:13:23,50.6996,-127.4199,50.0,87,90,4.61
22,Punta Arenas,CL,2021-04-24 23:13:23,-53.15,-70.9167,46.4,66,0,14.97
23,Novikovo,RU,2021-04-24 23:13:24,51.1537,37.8879,35.78,73,2,12.86
24,Coquimbo,CL,2021-04-24 23:13:24,-29.9533,-71.3436,59.0,82,0,4.61
25,Changji,CN,2021-04-24 23:13:24,44.0167,87.3167,33.8,60,0,6.71
26,Coihaique,CL,2021-04-24 23:13:25,-45.5752,-72.0662,48.2,87,40,4.79
27,Kaitangata,NZ,2021-04-24 23:11:22,-46.2817,169.8464,46.69,91,61,10.76
28,Balakhta,RU,2021-04-24 23:13:25,55.38,91.6,32.61,95,99,5.17
29,Chokurdakh,RU,2021-04-24 23:13:26,70.6333,147.9167,5.67,81,5,5.35
30,Juneau,US,2021-04-24 23:13:26,58.3019,-134.4197,60.8,18,20,12.66
31,Hasaki,JP,2021-04-24 23:13:26,35.7333,140.8333,61.0,77,75,5.75
32,Abalak,RU,2021-04-24 23:13:27,58.1286,68.5944,40.51,56,100,6.55
33,Jamestown,US,2021-04-24 23:09:09,42.097,-79.2353,55.4,38,90,11.5
34,Vaini,TO,2021-04-24 23:09:51,-21.2,-175.2,82.4,78,40,5.75
35,Salinas,US,2021-04-24 23:13:27,36.6777,-121.6555,62.6,48,20,14.97
36,Mataura,NZ,2021-04-24 23:10:25,-46.1927,168.8643,48.0,88,92,8.01
37,Angoche,MZ,2021-04-24 23:13:28,-16.2325,39.9086,76.86,79,91,4.5
38,Hilo,US,2021-04-24 23:13:28,19.7297,-155.09,73.4,88,90,10.36
39,Trairi,BR,2021-04-24 23:13:28,-3.2778,-39.2689,76.1,93,85,6.29
40,Rikitea,PF,2021-04-24 23:13:29,-23.1203,-134.9692,78.55,74,100,13.94
41,Ushuaia,AR,2021-04-24 23:10:52,-54.8,-68.3,50.0,57,40,9.22
42,Sumare,BR,2021-04-24 23:13:29,-22.8374,-47.252,71.6,53,0,5.75
43,Bluff,NZ,2021-04-24 23:13:29,-46.6,168.3333,48.0,88,95,8.01
44,Castro,BR,2021-04-24 23:13:30,-24.7911,-50.0119,60.96,73,69,0.74
45,Flinders,AU,2021-04-24 23:08:35,-34.5833,150.8552,61.0,80,0,1.01
46,Mahebourg,MU,2021-04-24 23:13:30,-20.4081,57.7,77.0,88,75,17.27
47,Bathsheba,BB,2021-04-24 23:13:31,13.2167,-59.5167,78.8,61,40,18.41
48,Redcliffe,AU,2021-04-24 23:13:31,-27.2307,153.0973,68.0,73,20,10.36
49,Albany,US,2021-04-24 23:08:38,42.6001,-73.9662,64.4,29,75,3.44
50,Saint George,US,2021-04-24 23:08:36,37.1041,-113.5841,81.0,10,1,11.5
51,Pevek,RU,2021-04-24 23:13:32,69.7008,170.3133,24.96,91,100,7.31
52,Atuona,PF,2021-04-24 23:12:15,-9.8,-139.0333,80.67,72,10,14.65
53,San Cristobal,VE,2021-04-24 23:13:32,7.7669,-72.225,84.2,65,40,10.36
54,Upernavik,GL,2021-04-24 23:10:04,72.7868,-56.1549,28.99,86,10,6.22
55,Chuy,UY,2021-04-24 23:13:33,-33.6971,-53.4616,65.37,93,100,6.93
56,Schneeberg,DE,2021-04-24 23:13:33,50.6,12.6333,37.0,89,100,11.01
57,Ponta Do Sol,PT,2021-04-24 23:13:33,32.6667,-17.1,57.99,83,36,3.0
58,Maneadero,MX,2021-04-24 23:08:43,31.7167,-116.5667,66.99,71,22,4.0
59,Busselton,AU,2021-04-24 23:13:34,-33.65,115.3333,50.0,91,0,1.61
60,Yar-Sale,RU,2021-04-24 23:10:54,66.8333,70.8333,28.71,94,82,3.69
61,Butaritari,KI,2021-04-24 23:13:34,3.0707,172.7902,82.63,76,35,10.45
62,Hermanus,ZA,2021-04-24 23:13:35,-34.4187,19.2345,62.01,82,91,7.0
63,Richards Bay,ZA,2021-04-24 23:11:25,-28.783,32.0377,68.99,87,88,10.25
64,Shakawe,BW,2021-04-24 23:13:35,-18.3667,21.85,66.69,39,77,4.36
65,Dingle,PH,2021-04-24 23:09:57,10.9995,122.6711,79.25,78,100,1.21
66,Guerrero Negro,MX,2021-04-24 23:13:36,27.9769,-114.0611,66.15,58,6,18.63
67,Kinshasa,CD,2021-04-24 23:13:36,-4.3246,15.3215,78.8,88,100,4.61
68,Chernyshevskiy,RU,2021-04-24 23:13:36,63.0128,112.4714,29.21,98,100,3.74
69,Kamarion,GR,2021-04-24 23:13:36,36.8,25.8167,61.0,66,96,24.0
70,Saldanha,ZA,2021-04-24 23:13:37,-33.0117,17.9442,59.0,82,96,6.53
71,Kuching,MY,2021-04-24 23:09:27,1.55,110.3333,75.2,94,20,2.95
72,Kodiak,US,2021-04-24 23:10:55,57.79,-152.4072,44.6,81,90,9.22
73,Batsfjord,NO,2021-04-24 23:13:37,70.6345,29.7185,32.67,83,100,13.15
74,Longyearbyen,SJ,2021-04-24 23:13:38,78.2186,15.6401,23.0,80,75,4.61
75,Bambous Virieux,MU,2021-04-24 23:13:38,-20.3428,57.7575,78.8,78,75,14.97
76,Portland,US,2021-04-24 23:09:06,45.5234,-122.6762,54.0,76,90,6.91
77,Svetlogorsk,BY,2021-04-24 23:13:38,52.6333,29.7333,32.59,82,66,9.71
78,Iisalmi,FI,2021-04-24 23:13:39,63.5592,27.1907,33.8,93,0,4.61
79,Luganville,VU,2021-04-24 23:13:39,-15.5333,167.1667,82.69,81,66,10.13
80,Mountain Home,US,2021-04-24 23:13:39,43.133,-115.6912,57.2,62,40,9.22
81,Mwanza,TZ,2021-04-24 23:13:40,-2.5167,32.9,68.83,85,97,5.73
82,Flin Flon,CA,2021-04-24 23:10:58,54.7682,-101.865,32.0,32,75,10.36
83,Mount Isa,AU,2021-04-24 23:13:40,-20.7333,139.5,75.2,50,6,13.8
84,Sitka,US,2021-04-24 23:13:40,57.0531,-135.33,62.6,19,20,8.05
85,Victoria,HK,2021-04-24 23:09:28,22.2855,114.1577,78.01,85,86,1.01
86,Mikuni,JP,2021-04-24 23:13:41,36.2171,136.1519,55.4,88,75,6.91
87,Saint Anthony,US,2021-04-24 23:13:41,45.0205,-93.218,50.0,32,40,11.5
88,Arlit,NE,2021-04-24 23:09:38,18.7369,7.3853,89.33,11,33,5.73
89,Pacific Grove,US,2021-04-24 23:13:42,36.6177,-121.9166,62.6,51,75,16.11
90,Clonakilty,IE,2021-04-24 23:13:42,51.6231,-8.8706,48.2,61,40,9.22
91,Saint-Philippe,RE,2021-04-24 23:13:42,-21.3585,55.7679,77.0,78,90,23.02
92,Lompoc,US,2021-04-24 23:10:36,34.6391,-120.4579,59.0,63,94,12.66
93,Esperance,AU,2021-04-24 23:12:15,-33.8667,121.9,55.4,88,50,17.27
94,Ewa Beach,US,2021-04-24 23:13:43,21.3156,-158.0072,84.2,45,75,10.36
95,Zapolyarnyy,RU,2021-04-24 23:13:43,69.4154,30.8136,32.0,93,75,14.97
96,Monaragala,LK,2021-04-24 23:13:43,6.8714,81.3487,73.38,92,29,2.35
97,Oistins,BB,2021-04-24 23:13:44,13.0667,-59.5333,78.8,61,40,18.41
98,Najran,SA,2021-04-24 23:13:44,17.4924,44.1277,80.6,28,75,6.91
99,Port-Cartier,CA,2021-04-24 23:13:44,50.0334,-66.8654,44.01,70,75,12.66
100,New Norfolk,AU,2021-04-24 23:09:17,-42.7826,147.0587,54.0,71,91,3.0
101,Kapaa,US,2021-04-24 23:13:45,22.0752,-159.319,80.6,61,40,17.27
102,Ixtapa,MX,2021-04-24 23:13:45,20.7,-105.2,80.6,69,90,11.5
103,Codrington,AU,2021-04-24 23:12:11,-38.2667,141.9667,54.91,84,94,5.08
104,Abonnema,NG,2021-04-24 23:13:46,4.7084,6.7931,78.19,84,98,3.2
105,Port Macquarie,AU,2021-04-24 23:13:03,-31.4333,152.9167,64.0,74,0,1.01
106,Joshimath,IN,2021-04-24 23:13:46,30.5667,79.5667,45.43,48,48,11.72
107,Airai,TL,2021-04-24 23:11:18,-8.9266,125.4092,61.47,84,64,3.06
108,Monrovia,LR,2021-04-24 23:13:46,6.3005,-10.7969,82.18,80,52,7.36
109,Eureka,US,2021-04-24 23:13:47,40.8021,-124.1637,55.0,70,100,10.0
110,Caravelas,BR,2021-04-24 23:09:33,-17.7125,-39.2481,74.75,84,27,4.79
111,Papineauville,CA,2021-04-24 23:13:47,45.6168,-75.016,64.4,31,83,4.61
112,Ziro,IN,2021-04-24 23:13:47,27.6333,93.8333,48.76,81,82,3.04
113,Faanui,PF,2021-04-24 23:13:48,-16.4833,-151.75,80.31,69,100,9.48
114,Arraial Do Cabo,BR,2021-04-24 23:13:48,-22.9661,-42.0278,75.2,83,40,2.3
115,Santa Cruz Del Sur,CU,2021-04-24 23:13:48,20.7147,-77.9956,82.4,65,5,7.11
116,Mount Gambier,AU,2021-04-24 23:13:49,-37.8333,140.7667,51.8,100,90,4.61
117,Ilulissat,GL,2021-04-24 23:12:32,69.2167,-51.1,46.4,49,11,19.57
118,Comodoro Rivadavia,AR,2021-04-24 23:10:41,-45.8667,-67.5,55.4,76,0,2.3
119,Mwinilunga,ZM,2021-04-24 23:13:49,-11.7358,24.4293,61.14,89,93,2.26
120,Shache,CN,2021-04-24 23:13:50,38.4167,77.2406,59.45,10,100,5.97
121,Ternate,ID,2021-04-24 23:13:50,0.8,127.4,82.56,76,55,6.08
122,Chimbarongo,CL,2021-04-24 23:13:50,-34.7,-71.05,59.0,63,0,4.61
123,Acajutla,SV,2021-04-24 23:12:39,13.5928,-89.8275,86.0,54,20,6.91
124,Shingu,JP,2021-04-24 23:13:51,33.7333,135.9833,60.8,67,40,3.44
125,Nikolskoye,RU,2021-04-24 23:13:51,59.7035,30.7861,37.0,75,20,4.47
126,Dikson,RU,2021-04-24 23:13:52,73.5069,80.5464,1.98,99,59,7.45
127,Koumac,NC,2021-04-24 23:13:52,-20.5667,164.2833,78.04,80,98,11.65
128,Veraval,IN,2021-04-24 23:13:53,20.9,70.3667,80.44,76,100,15.01
129,Lima,PE,2021-04-24 23:10:26,-12.0432,-77.0282,64.99,82,75,14.97
130,Sao Joao Da Barra,BR,2021-04-24 23:13:53,-21.6403,-41.0511,72.03,84,9,5.41
131,San Patricio,US,2021-04-24 23:11:27,28.017,-97.5169,93.0,19,20,21.85
132,Rio Grande,BR,2021-04-24 23:13:53,-32.035,-52.0986,66.0,93,100,5.68
133,Qasigiannguit,GL,2021-04-24 23:12:55,68.8193,-51.1922,46.4,49,11,19.57
134,La Rioja,ES,2021-04-24 23:13:54,42.25,-2.5,57.0,87,0,9.22
135,Norman Wells,CA,2021-04-24 23:11:48,65.282,-126.8329,39.2,45,75,10.36
136,Nanortalik,GL,2021-04-24 23:10:04,60.1432,-45.2371,41.86,74,100,15.12
137,Madimba,TZ,2021-04-24 23:13:54,-10.4,40.3333,74.79,92,100,7.76
138,Cairns,AU,2021-04-24 23:13:55,-16.9167,145.7667,75.2,94,90,13.8
139,Gerash,IR,2021-04-24 23:13:55,27.6652,54.1371,75.49,25,62,4.65
140,Gat,IL,2021-04-24 23:12:40,31.61,34.7642,64.99,100,17,5.37
141,Esqueda,MX,2021-04-24 23:13:55,30.7167,-109.5833,81.77,9,4,12.68
142,Lumphat,KH,2021-04-24 23:13:56,13.4878,106.9816,76.57,84,71,1.43
143,Talnakh,RU,2021-04-24 23:10:40,69.4865,88.3972,17.44,93,99,11.97
144,Iqaluit,CA,2021-04-24 23:09:00,63.7506,-68.5145,32.0,86,75,4.61
145,Port Lincoln,AU,2021-04-24 23:13:57,-34.7333,135.8667,60.44,63,0,1.3
146,Manuk Mangkaw,PH,2021-04-24 23:13:57,4.8,119.85,82.35,73,100,3.65
147,Mar Del Plata,AR,2021-04-24 23:10:52,-38.0023,-57.5575,59.0,72,40,6.91
148,Samarai,PG,2021-04-24 23:13:57,-10.6167,150.6667,84.07,73,41,15.55
149,Puerto Ayora,EC,2021-04-24 23:09:51,-0.7393,-90.3518,80.6,78,40,13.8
150,Narsaq,GL,2021-04-24 23:10:24,60.9167,-46.05,53.6,32,75,28.77
151,Yen Bai,VN,2021-04-24 23:13:58,21.7,104.8667,78.17,96,100,1.72
152,Wagga Wagga,AU,2021-04-24 23:13:58,-35.1167,147.3667,52.0,71,49,2.3
153,Vila Franca Do Campo,PT,2021-04-24 23:10:34,37.7167,-25.4333,59.0,82,75,19.57
154,Ribeira Grande,PT,2021-04-24 23:13:59,38.5167,-28.7,59.77,73,96,22.59
155,Tono,JP,2021-04-24 23:13:59,39.3167,141.5333,51.8,71,75,2.3
156,Marrakesh,MA,2021-04-24 23:13:53,31.6315,-8.0083,62.6,63,75,5.75
157,Bogotol,RU,2021-04-24 23:13:59,56.2078,89.5342,31.69,99,100,6.55
158,Hami,CN,2021-04-24 23:14:00,42.8,93.45,42.66,33,98,23.02
159,Boma,GH,2021-04-24 23:14:00,7.0805,-2.1697,72.61,98,85,3.09
160,Lebu,CL,2021-04-24 23:12:11,-37.6167,-73.65,54.23,80,0,15.12
161,Beroroha,MG,2021-04-24 23:14:00,-21.6667,45.1667,72.23,68,0,4.0
162,Valdivia,CL,2021-04-24 23:13:23,-39.8142,-73.2459,51.8,100,0,2.3
163,Salitral,PE,2021-04-24 23:14:01,-4.8572,-80.6811,84.38,46,28,16.24
164,Barrow,US,2021-04-24 23:12:48,71.2906,-156.7887,30.2,80,1,5.75
165,Spring Valley,US,2021-04-24 23:14:01,36.108,-115.245,87.8,10,75,20.71
166,Jhunjhunun,IN,2021-04-24 23:14:02,28.1307,75.4014,74.43,18,0,6.13
167,Sao Jose Do Belmonte,BR,2021-04-24 23:14:02,-7.8614,-38.7597,76.75,58,50,6.33
168,Yulin,CN,2021-04-24 23:14:02,22.6333,110.15,76.03,88,96,3.27
169,Chekmagush,RU,2021-04-24 23:14:03,55.1319,54.6556,41.41,94,100,7.92
170,Navahrudak,BY,2021-04-24 23:14:03,53.6,25.8333,27.36,80,4,9.57
171,Lavrentiya,RU,2021-04-24 23:14:04,65.5833,-171.0,32.45,91,88,1.57
172,Flagstaff,US,2021-04-24 23:10:43,35.1981,-111.6513,64.99,18,1,28.77
173,Iralaya,HN,2021-04-24 23:14:04,15.0,-83.2333,82.4,78,3,11.5
174,Sur,OM,2021-04-24 23:14:04,22.5667,59.5289,84.34,38,1,11.25
175,Teguldet,RU,2021-04-24 23:14:05,57.3064,88.1667,32.86,97,100,5.35
176,Alofi,NU,2021-04-24 23:09:39,-19.0595,-169.9187,82.4,83,74,5.75
177,Mamallapuram,IN,2021-04-24 23:14:05,12.6264,80.1722,82.4,83,40,3.44
178,Fomboni,KM,2021-04-24 23:10:12,-12.28,43.7425,80.76,76,72,0.72
179,Avarua,CK,2021-04-24 23:13:59,-21.2078,-159.775,82.4,69,75,14.97
180,Carnarvon,AU,2021-04-24 23:10:31,-24.8667,113.6333,60.8,72,0,6.91
181,Tuktoyaktuk,CA,2021-04-24 23:14:06,69.4541,-133.0374,24.8,86,20,8.05
182,Kloulklubed,PW,2021-04-24 23:13:12,7.0419,134.2556,86.0,74,75,12.66
183,Tual,ID,2021-04-24 23:14:06,-5.6667,132.75,84.87,65,100,14.58
184,Okhotsk,RU,2021-04-24 23:11:27,59.3833,143.3,21.24,67,15,18.7
185,Severo-Kurilsk,RU,2021-04-24 23:10:48,50.6789,156.125,34.72,98,100,6.02
186,Yellowknife,CA,2021-04-24 23:12:12,62.456,-114.3525,19.99,45,75,12.66
187,Paamiut,GL,2021-04-24 23:12:13,61.994,-49.6678,38.93,79,100,3.71
188,Cherskiy,RU,2021-04-24 23:14:07,68.75,161.3,19.51,89,95,13.71
189,Mogadishu,SO,2021-04-24 23:14:07,2.0371,45.3438,82.44,76,82,13.29
190,Salvador,SV,2021-04-24 23:11:07,13.8333,-88.9167,86.0,69,20,11.5
191,Port Alfred,ZA,2021-04-24 23:09:53,-33.5906,26.891,65.95,86,75,7.18
192,Iquique,CL,2021-04-24 23:11:01,-20.2208,-70.1431,68.0,52,0,14.97
193,Bethel,US,2021-04-24 23:11:26,41.3712,-73.414,62.6,27,1,11.5
194,Santa Ana,US,2021-04-24 23:14:08,33.7456,-117.8678,69.8,52,75,10.36
195,Lichinga,MZ,2021-04-24 23:14:09,-13.3128,35.2406,62.6,100,40,9.22
196,Eseka,CM,2021-04-24 23:14:09,3.65,10.7667,71.64,98,96,1.79
197,Nome,US,2021-04-24 23:13:19,64.5011,-165.4064,39.2,70,1,3.33
198,Pingyi,CN,2021-04-24 23:14:10,35.5006,117.6308,55.94,70,100,6.42
199,Kruisfontein,ZA,2021-04-24 23:14:10,-34.0033,24.7314,59.0,93,85,5.1
200,Aklavik,CA,2021-04-24 23:14:10,68.2191,-135.0107,42.8,45,20,8.05
201,Fairbanks,US,2021-04-24 23:10:04,64.8378,-147.7164,60.8,17,1,3.44
202,San Pedro,PH,2021-04-24 23:14:11,14.35,121.0167,81.0,83,40,2.3
203,Peniche,PT,2021-04-24 23:14:11,39.3558,-9.3811,62.01,79,80,8.01
204,Tiksi,RU,2021-04-24 23:14:11,71.6872,128.8694,31.78,92,100,11.01
205,Oksfjord,NO,2021-04-24 23:11:38,70.2396,22.3479,32.0,74,90,13.8
206,Georgetown,MY,2021-04-24 23:10:56,5.4112,100.3354,78.8,89,20,5.75
207,Kendari,ID,2021-04-24 23:14:12,-3.945,122.4989,76.21,89,9,2.37
208,Pisco,PE,2021-04-24 23:12:15,-13.7,-76.2167,69.01,83,0,20.71
209,Fortuna,US,2021-04-24 23:14:12,40.5982,-124.1573,61.0,54,1,12.66
210,Cayhagan,PH,2021-04-24 23:14:13,9.6697,122.4256,79.77,79,92,1.01
211,Faranah,GN,2021-04-24 23:14:13,10.0404,-10.7434,78.49,68,76,6.91
212,Sergeyevka,KZ,2021-04-24 23:14:13,53.88,67.4158,43.86,46,100,9.93
213,Isla Vista,US,2021-04-24 23:14:14,34.4133,-119.861,66.2,63,1,12.66
214,Yulara,AU,2021-04-24 23:09:24,-25.2406,130.9889,60.8,48,15,10.36
215,Namibe,AO,2021-04-24 23:14:14,-15.1961,12.1522,77.74,78,8,0.65
216,Along,IN,2021-04-24 23:14:14,28.1667,94.7667,63.12,71,93,2.13
217,Ampanihy,MG,2021-04-24 23:14:15,-24.7,44.75,69.89,71,1,5.61
218,Kirkwall,GB,2021-04-24 23:14:15,58.9848,-2.9587,37.4,81,100,4.92
219,Traverse City,US,2021-04-24 23:12:23,44.7631,-85.6206,57.2,62,90,4.61
220,Alihe,CN,2021-04-24 23:14:15,50.5667,123.7167,41.61,43,19,3.44
221,Diego De Almagro,CL,2021-04-24 23:11:28,-26.3667,-70.05,59.31,60,0,4.94
222,Darhan,MN,2021-04-24 23:12:02,49.4867,105.9228,41.25,91,100,6.96
223,Yumen,CN,2021-04-24 23:11:17,40.2833,97.2,45.46,40,53,2.77
224,Kokopo,PG,2021-04-24 23:14:16,-4.352,152.2633,82.53,69,55,2.82
225,Chippewa Falls,US,2021-04-24 23:14:16,44.9369,-91.3929,43.0,61,90,11.5
226,Nouadhibou,MR,2021-04-24 23:13:18,20.931,-17.0347,66.2,88,20,17.27
227,Muzaffarpur,IN,2021-04-24 23:14:17,26.1167,85.4,75.2,46,20,5.75
228,Sokolac,BA,2021-04-24 23:14:17,43.9397,18.8017,42.8,61,0,2.3
229,Padang,ID,2021-04-24 23:14:18,-0.9492,100.3543,73.4,94,20,2.3
230,Batemans Bay,AU,2021-04-24 23:14:18,-35.7167,150.1833,59.0,74,48,1.99
231,Porto Velho,BR,2021-04-24 23:11:03,-8.7619,-63.9039,78.8,94,20,2.3
232,Beringovskiy,RU,2021-04-24 23:14:18,63.05,179.3167,32.0,92,100,4.88
233,Marzuq,YE,2021-04-24 23:10:18,14.4,46.4667,68.94,57,11,6.42
234,Korla,CN,2021-04-24 23:14:19,41.7597,86.1469,42.4,52,9,21.59
235,Avera,US,2021-04-24 23:11:10,33.194,-82.5271,64.4,88,90,10.36
236,Husavik,IS,2021-04-24 23:11:09,66.0449,-17.3389,39.2,100,0,2.3
237,Lasa,IT,2021-04-24 23:14:19,46.6166,10.7002,51.01,65,0,3.44
238,Male,MV,2021-04-24 23:11:55,4.1748,73.5089,84.2,79,20,9.22
239,Mahajanga,MG,2021-04-24 23:14:20,-15.7167,46.3167,77.0,78,20,3.44
240,Lom Sak,TH,2021-04-24 23:14:20,16.7798,101.2422,77.7,78,100,1.25
241,Nyurba,RU,2021-04-24 23:14:21,63.2842,118.3319,33.6,87,100,3.74
242,Palasa,IN,2021-04-24 23:14:21,18.7667,84.4167,77.43,84,3,8.25
243,Yuanping,CN,2021-04-24 23:14:21,38.7153,112.7575,52.2,68,100,2.44
244,Bibiani,GH,2021-04-24 23:14:22,6.4635,-2.3194,73.22,98,82,0.27
245,Nuevo Ideal,MX,2021-04-24 23:14:22,24.8875,-105.0728,79.92,6,13,8.28
246,Filadelfia,US,2021-04-24 23:14:17,39.9523,-75.1638,63.0,39,90,10.36
247,Aleksandrov Gay,RU,2021-04-24 23:14:22,50.147,48.5704,43.93,81,43,11.59
248,Mayo,US,2021-04-24 23:11:07,38.8876,-76.5119,57.2,54,75,10.36
249,Cayenne,GF,2021-04-24 23:14:23,4.9333,-52.3333,78.8,89,75,5.75
250,Hay River,CA,2021-04-24 23:14:23,60.8156,-115.7999,28.4,59,100,6.91
251,Inhambane,MZ,2021-04-24 23:14:23,-23.865,35.3833,71.64,82,0,9.53
252,Alta Floresta,BR,2021-04-24 23:14:24,-9.8756,-56.0861,73.4,93,97,2.44
253,Mehrabpur,PK,2021-04-24 23:14:24,28.1085,68.0254,82.8,22,1,5.64
254,Saquena,PE,2021-04-24 23:14:24,-4.6667,-73.5167,79.36,80,38,2.28
255,Marawi,PH,2021-04-24 23:11:14,7.9986,124.2928,77.0,82,35,7.0
256,Zagan,PL,2021-04-24 23:14:25,51.6176,15.3149,39.99,74,97,3.0
257,Vardo,NO,2021-04-24 23:12:47,70.3705,31.1107,34.88,76,100,22.15
258,Klaksvik,FO,2021-04-24 23:12:14,62.2266,-6.589,42.8,81,20,5.37
259,Zhigansk,RU,2021-04-24 23:11:54,66.7697,123.3711,32.86,99,100,7.72
260,Ambilobe,MG,2021-04-24 23:14:25,-13.2,49.05,71.76,93,29,3.18
261,College,US,2021-04-24 23:14:26,64.8569,-147.8028,60.8,24,20,4.61
262,Makakilo City,US,2021-04-24 23:14:26,21.3469,-158.0858,84.2,45,75,10.36
263,Saskylakh,RU,2021-04-24 23:10:20,71.9167,114.0833,30.65,95,99,8.93
264,Ada,US,2021-04-24 23:14:27,43.4166,-116.1262,59.0,58,1,5.75
265,Komsomolskiy,UZ,2021-04-24 23:14:27,40.4272,71.7189,55.4,50,25,6.91
266,Aksu,CN,2021-04-24 23:14:27,41.1231,80.2644,53.98,33,62,4.09
267,Pendleton,US,2021-04-24 23:14:28,45.6721,-118.7886,57.0,67,90,6.67
268,Itarema,BR,2021-04-24 23:10:31,-2.9248,-39.9167,78.03,87,99,11.16
269,Kaparellion,GR,2021-04-24 23:14:28,38.2333,23.2167,55.0,100,75,5.75
270,Havoysund,NO,2021-04-24 23:14:28,70.9963,24.6622,30.2,64,90,6.91
271,Buenaventura,CO,2021-04-24 23:14:29,3.8801,-77.0312,78.53,86,85,3.74
272,Hithadhoo,MV,2021-04-24 23:14:29,-0.6,73.0833,82.8,69,25,8.01
273,Diu,IN,2021-04-24 23:14:29,20.7141,70.9822,81.43,63,100,10.42
274,Kargasok,RU,2021-04-24 23:14:30,59.0556,80.8572,36.52,97,100,6.51
275,Hidas,HU,2021-04-24 23:14:30,46.2568,18.4954,44.96,61,19,3.49
276,Port Shepstone,ZA,2021-04-24 23:14:30,-30.7414,30.455,66.87,83,10,7.67
277,Hualmay,PE,2021-04-24 23:10:22,-11.0964,-77.6139,68.2,83,7,9.26
278,East London,ZA,2021-04-24 23:10:59,-33.0153,27.9116,65.34,82,66,4.59
279,Grindavik,IS,2021-04-24 23:14:31,63.8424,-22.4338,44.6,100,90,19.57
280,Kailua,US,2021-04-24 23:14:31,21.4022,-157.7394,84.2,65,40,16.11
281,Olafsvik,IS,2021-04-24 23:10:45,64.8945,-23.7142,42.8,90,99,19.62
282,Tete,MZ,2021-04-24 23:11:59,-16.1564,33.5867,73.4,78,0,4.61
283,Kavaratti,IN,2021-04-24 23:09:56,10.5669,72.642,83.57,75,24,12.19
284,Togur,RU,2021-04-24 23:14:32,58.3631,82.8265,33.26,94,97,4.41
285,Corum,TR,2021-04-24 23:14:32,40.5,34.75,44.87,75,99,4.9
286,Kavali,IN,2021-04-24 23:14:32,14.9167,79.9833,81.03,80,88,6.8
287,Nioro,GM,2021-04-24 23:14:33,13.35,-15.75,80.94,32,29,11.68
288,Te Anau,NZ,2021-04-24 23:12:41,-45.4167,167.7167,46.47,79,98,9.89
289,Abrau-Dyurso,RU,2021-04-24 23:14:33,44.69,37.59,42.8,81,100,2.24
290,Bandarbeyla,SO,2021-04-24 23:14:33,9.4942,50.8122,82.58,77,67,6.71
291,Sakakah,SA,2021-04-24 23:14:34,29.9697,40.2064,84.2,10,20,5.75
292,Dubbo,AU,2021-04-24 23:12:57,-32.25,148.6167,53.6,62,0,6.91
293,Muisne,EC,2021-04-24 23:13:17,0.6,-80.0333,84.2,79,40,5.75
294,Iracoubo,GF,2021-04-24 23:14:34,5.4802,-53.2011,77.95,87,100,12.66
295,Laguna,US,2021-04-24 23:14:35,38.421,-121.4238,71.01,37,40,10.36
296,Sungai Petani,MY,2021-04-24 23:14:35,5.647,100.4877,78.8,89,20,5.75
297,Rishikesh,IN,2021-04-24 23:14:36,30.1167,78.3167,65.37,47,23,8.08
298,La Ronge,CA,2021-04-24 23:14:36,55.1001,-105.2842,33.8,34,100,4.61
299,Villa Sandino,NI,2021-04-24 23:14:36,12.0483,-84.9936,93.2,43,40,6.91
300,Leningradskiy,RU,2021-04-24 23:14:36,69.3833,178.4167,30.0,83,100,4.5
301,Topeka,US,2021-04-24 23:14:37,39.0483,-95.678,66.99,39,1,3.44
302,Soure,BR,2021-04-24 23:14:37,-0.7167,-48.5233,78.12,87,100,5.53
303,Mapiripan,CO,2021-04-24 23:14:37,2.8892,-72.1256,79.95,81,98,3.49
304,Ripky,UA,2021-04-24 23:14:38,51.801,31.0838,32.65,77,30,9.37
305,Xining,CN,2021-04-24 23:14:38,36.6167,101.7667,40.08,94,100,1.39
306,Lourdes,FR,2021-04-24 23:14:38,43.1,-0.05,59.0,58,90,2.3
307,Kushima,JP,2021-04-24 23:13:34,31.4583,131.2333,57.2,82,20,8.05
308,Yarada,IN,2021-04-24 23:11:36,17.65,83.2667,80.6,94,40,4.61
309,Taoudenni,ML,2021-04-24 23:10:15,22.6783,-3.9836,89.83,9,3,9.89
310,Banjarmasin,ID,2021-04-24 23:14:39,-3.3244,114.591,77.0,94,16,2.3
311,Caetite,BR,2021-04-24 23:14:39,-14.0694,-42.475,69.71,75,65,5.48
312,Saint-Pierre,RE,2021-04-24 23:14:40,-21.3393,55.4781,78.8,73,90,23.02
313,Kaka,TM,2021-04-24 23:14:40,37.3482,59.6143,66.47,46,71,2.84
314,Luena,AO,2021-04-24 23:12:19,-11.7833,19.9167,61.7,81,87,2.19
315,Dzilam Gonzalez,MX,2021-04-24 23:14:40,21.2833,-88.9333,94.06,36,66,8.61
316,Parintins,BR,2021-04-24 23:14:41,-2.6283,-56.7358,75.79,94,61,2.59
317,Muros,ES,2021-04-24 23:14:41,42.7762,-9.0603,59.0,92,97,6.49
318,Dunmore Town,BS,2021-04-24 23:14:41,25.5,-76.65,77.58,81,32,13.73
319,Touros,BR,2021-04-24 23:14:42,-5.1989,-35.4608,77.0,88,20,4.61
320,Galle,LK,2021-04-24 23:14:42,6.0367,80.217,79.11,83,84,3.13
321,Provideniya,RU,2021-04-24 23:14:42,64.3833,-173.3,39.07,75,100,0.49
322,La Serena,CL,2021-04-24 23:14:43,-29.9078,-71.2542,59.0,82,0,4.61
323,Seybaplaya,MX,2021-04-24 23:14:43,19.65,-90.6667,87.8,70,20,10.36
324,Eskil,TR,2021-04-24 23:14:43,38.4017,33.4131,59.05,49,74,1.34
325,Ancud,CL,2021-04-24 23:12:52,-41.8697,-73.8203,57.0,87,90,6.91
326,Vilhena,BR,2021-04-24 23:10:21,-12.7406,-60.1458,71.6,94,40,4.61
327,Gangapur,IN,2021-04-24 23:14:44,26.4833,76.7167,76.26,14,91,5.66
328,Ola,RU,2021-04-24 23:14:44,59.5833,151.2833,21.13,59,100,15.05
329,Sambava,MG,2021-04-24 23:12:27,-14.2667,50.1667,74.37,90,49,9.91
330,Kurayoshi,JP,2021-04-24 23:14:44,35.4333,133.8167,57.2,67,75,11.5
331,Vestmanna,FO,2021-04-24 23:14:45,62.1564,-7.1664,42.8,81,20,6.2
332,Colares,PT,2021-04-24 23:14:45,38.7992,-9.4469,63.0,88,50,11.74
333,Dandong,CN,2021-04-24 23:14:45,40.1292,124.3947,51.08,32,4,14.2
334,Pedernales,DO,2021-04-24 23:14:46,18.0384,-71.744,81.72,67,62,11.83
335,Vostok,RU,2021-04-24 23:14:46,46.4856,135.8833,31.98,40,16,10.71
336,Jalu,LY,2021-04-24 23:14:46,29.0331,21.5482,62.98,74,0,20.85
337,Cam Ranh,VN,2021-04-24 23:14:47,11.9214,109.1591,78.8,89,20,3.44
338,Lentekhi,GE,2021-04-24 23:14:47,42.7856,42.7261,50.83,74,94,5.32
339,Iskateley,RU,2021-04-24 23:14:47,67.6803,53.1512,36.95,86,97,9.46
340,Broome,US,2021-04-24 23:14:48,42.2506,-75.833,59.0,29,1,9.22
341,Hovd,MN,2021-04-24 23:14:48,48.0056,91.6419,23.88,25,30,8.79
342,Mahibadhoo,MV,2021-04-24 23:14:48,3.7833,72.9667,82.67,75,22,8.14
343,Thompson,CA,2021-04-24 23:14:49,55.7435,-97.8558,28.4,46,75,4.61
344,Sinnamary,GF,2021-04-24 23:13:30,5.3833,-52.95,78.13,87,100,13.02
345,Coos Bay,US,2021-04-24 23:13:37,43.3665,-124.2179,51.8,87,90,10.36
346,Dauphin,CA,2021-04-24 23:14:49,51.1494,-100.0502,46.4,23,40,9.22
347,Torbay,CA,2021-04-24 23:11:30,47.6666,-52.7314,43.0,70,40,13.8
348,Thurso,GB,2021-04-24 23:14:50,58.5927,-3.5259,42.8,87,100,2.3
349,Atherton,GB,2021-04-24 23:14:50,53.5237,-2.4935,46.99,71,1,1.99
350,Cockburn Town,TC,2021-04-24 23:11:59,21.4612,-71.1419,80.6,69,40,11.5
351,Kahului,US,2021-04-24 23:14:50,20.8947,-156.47,82.4,54,40,21.85
352,Bonnyville,CA,2021-04-24 23:14:51,54.2668,-110.735,42.8,41,75,8.05
353,Acari,PE,2021-04-24 23:14:51,-15.4311,-74.6158,70.61,76,3,7.05
354,Barranca,PE,2021-04-24 23:14:51,-10.75,-77.7667,67.57,82,6,7.72
355,Makaha,US,2021-04-24 23:14:52,21.4694,-158.2175,84.2,53,40,12.66
356,Krasnokholm,RU,2021-04-24 23:14:52,51.5979,54.1567,47.26,93,77,12.03
357,Florianopolis,BR,2021-04-24 23:14:52,-27.6146,-48.5012,75.0,83,0,2.3
358,Ostrovnoy,RU,2021-04-24 23:13:30,68.0531,39.5131,34.72,99,100,4.56
359,Maniitsoq,GL,2021-04-24 23:14:53,65.4167,-52.9,37.67,75,42,3.33
360,Waterloo,CA,2021-04-24 23:14:29,43.4668,-80.5164,57.2,35,40,11.5
361,Alto Araguaia,BR,2021-04-24 23:14:53,-17.3147,-53.2153,69.19,43,78,4.16
362,Mineros,BO,2021-04-24 23:11:10,-17.1167,-63.2333,68.0,100,75,2.3
363,Ranau,MY,2021-04-24 23:14:54,5.9538,116.6641,77.0,83,20,4.61
364,Axim,GH,2021-04-24 23:12:46,4.8699,-2.2405,81.05,84,82,7.36
365,Catalina Foothills,US,2021-04-24 23:14:54,32.2979,-110.9187,90.0,8,1,6.91
366,Zdvinsk,RU,2021-04-24 23:14:54,54.7021,78.661,35.74,59,64,2.33
367,Mayumba,GA,2021-04-24 23:14:55,-3.432,10.6554,78.73,88,93,4.59
368,Tateyama,JP,2021-04-24 23:14:55,34.9833,139.8667,64.0,63,0,5.75
369,Gasa,PS,2021-04-24 23:14:55,31.5,34.4667,64.99,100,45,5.61
370,Ornskoldsvik,SE,2021-04-24 23:14:56,63.2909,18.7153,33.8,55,99,11.5
371,Bourail,NC,2021-04-24 23:14:56,-21.5667,165.4833,74.77,83,100,7.27
372,Hamilton,US,2021-04-24 23:11:12,39.1834,-84.5333,53.01,87,90,6.91
373,Victoria Point,AU,2021-04-24 23:14:57,-27.5833,153.3,69.01,77,51,1.01
374,Neuquen,AR,2021-04-24 23:10:20,-38.9516,-68.0591,57.2,77,0,3.49
375,Kalmunai,LK,2021-04-24 23:12:23,7.4167,81.8167,77.9,82,24,2.28
376,Nexo,DK,2021-04-24 23:14:58,55.0607,15.1306,41.0,60,90,5.75
377,Macamic,CA,2021-04-24 23:14:58,48.7502,-78.9996,50.0,50,75,10.36
378,Basco,PH,2021-04-24 23:09:59,20.4487,121.9702,76.17,72,64,8.48
379,Kemin,KG,2021-04-24 23:14:58,42.7846,75.6892,48.74,28,79,4.83
380,Requena,ES,2021-04-24 23:14:59,39.4883,-1.1004,55.4,88,0,2.3
381,Cidreira,BR,2021-04-24 23:10:23,-30.1811,-50.2056,69.96,87,66,9.93
382,Pacifica,US,2021-04-24 23:14:59,37.6138,-122.4869,61.0,82,90,8.05
383,Rio Tercero,AR,2021-04-24 23:14:59,-32.173,-64.1141,53.01,77,3,1.99
384,Sao Jose Da Coroa Grande,BR,2021-04-24 23:15:00,-8.8978,-35.1478,78.62,79,10,6.64
385,Eirunepe,BR,2021-04-24 23:15:00,-6.6603,-69.8736,75.61,94,100,1.77
386,Takhatgarh,IN,2021-04-24 23:15:00,25.3333,73.0,77.61,29,27,3.8
387,Gladstone,AU,2021-04-24 23:11:26,-23.85,151.25,73.4,56,36,10.36
388,Ribeira Brava,PT,2021-04-24 23:15:01,32.65,-17.0667,57.99,75,28,1.01
389,Los Llanos De Aridane,ES,2021-04-24 23:12:17,28.6585,-17.9182,69.8,43,40,6.91
390,Isangel,VU,2021-04-24 23:11:39,-19.55,169.2667,82.4,78,75,5.75
391,Gizo,SB,2021-04-24 23:11:34,-8.103,156.8419,83.73,73,51,8.46
392,Mackay,AU,2021-04-24 23:11:37,-21.15,149.2,71.6,88,75,9.22
393,Westport,US,2021-04-24 23:15:03,41.1415,-73.3579,59.0,54,1,5.75
394,Mumford,GH,2021-04-24 23:15:04,5.2618,-0.759,81.46,83,81,9.1
395,Plettenberg Bay,ZA,2021-04-24 23:15:04,-34.0527,23.3716,61.59,90,72,1.97
396,Smithers,CA,2021-04-24 23:14:52,54.7804,-127.1743,53.6,24,40,2.89
397,Hobyo,SO,2021-04-24 23:15:04,5.3505,48.5268,83.41,69,49,9.13
398,Save,BJ,2021-04-24 23:15:05,8.0425,2.486,75.18,92,100,9.48
399,North Battleford,CA,2021-04-24 23:15:05,52.7834,-108.2847,44.6,19,20,10.36
400,Villaviciosa,ES,2021-04-24 23:15:05,43.4813,-5.4357,62.01,71,93,4.18
401,Ahipara,NZ,2021-04-24 23:13:13,-35.1667,173.1667,64.65,56,9,8.77
402,Lorengau,PG,2021-04-24 23:15:06,-2.0226,147.2712,82.63,78,88,5.64
403,Port-Gentil,GA,2021-04-24 23:15:06,-0.7193,8.7815,80.6,89,20,3.44
404,Shipitsyno,RU,2021-04-24 23:15:06,61.2806,46.5208,42.48,91,42,7.63
405,Haifa,IL,2021-04-24 23:12:35,32.8156,34.9892,61.0,93,6,5.57
406,Faya,SA,2021-04-24 23:15:07,18.3851,42.4509,60.8,77,40,6.35
407,Sulangan,PH,2021-04-24 23:15:07,11.1373,123.7228,81.79,75,100,5.95
408,Sao Filipe,CV,2021-04-24 23:15:07,14.8961,-24.4956,72.21,74,55,9.84
409,Muscatine,US,2021-04-24 23:15:08,41.4667,-91.1335,59.0,47,1,13.8
410,Whitehorse,CA,2021-04-24 23:12:13,60.7161,-135.0538,50.0,25,20,11.5
411,Kisangani,CD,2021-04-24 23:15:08,0.5167,25.2,70.9,98,100,1.92
412,Breytovo,RU,2021-04-24 23:15:08,58.2993,37.8617,33.08,98,100,15.7
413,Zaigrayevo,RU,2021-04-24 23:15:09,51.8336,108.2703,41.0,87,75,3.74
414,Mnogovershinnyy,RU,2021-04-24 23:15:09,53.9353,139.9242,26.19,70,70,8.08
415,San Policarpo,PH,2021-04-24 23:10:11,12.1791,125.5072,77.85,87,91,5.03
416,Prieska,ZA,2021-04-24 23:15:10,-29.6641,22.7474,66.99,27,62,4.07
417,Sorland,NO,2021-04-24 23:15:10,67.667,12.6934,36.73,61,84,22.41
418,Tabou,CI,2021-04-24 23:15:10,4.423,-7.3528,81.19,82,91,8.77
419,Mana,GF,2021-04-24 23:12:44,5.6592,-53.7767,77.72,88,100,10.94
420,North Las Vegas,US,2021-04-24 23:15:11,36.1989,-115.1175,86.0,8,20,36.82
421,Kupang,ID,2021-04-24 23:15:11,-10.1667,123.5833,77.36,82,7,6.87
422,Katsuura,JP,2021-04-24 23:15:11,35.1333,140.3,61.0,63,0,5.75
423,Ayios Thomas,GR,2021-04-24 23:15:12,38.2814,23.5882,55.0,100,75,5.75
424,El Alto,PE,2021-04-24 23:15:12,-4.2714,-81.2147,75.2,69,0,13.8
425,Northam,GB,2021-04-24 23:15:12,51.0333,-4.2167,50.0,63,16,5.01
426,Lata,PT,2021-04-24 23:14:43,40.1629,-8.3327,62.01,86,72,4.0
427,Wanning,CN,2021-04-24 23:10:31,18.8003,110.3967,78.26,91,48,8.08
428,Huarmey,PE,2021-04-24 23:13:07,-10.0681,-78.1522,69.3,81,6,11.18
429,Ust-Kuyga,RU,2021-04-24 23:15:13,70.0167,135.6,23.94,91,100,9.98
430,Roald,NO,2021-04-24 23:12:26,62.5833,6.1333,34.0,93,75,1.14
431,Waingapu,ID,2021-04-24 23:15:14,-9.6567,120.2641,77.7,82,9,7.09
432,Mishelevka,RU,2021-04-24 23:15:14,52.8575,103.1719,34.02,89,100,2.44
433,Mokokchung,IN,2021-04-24 23:15:14,26.3333,94.5333,60.51,42,6,4.38
434,Malanje,AO,2021-04-24 23:15:15,-9.5402,16.341,64.81,96,98,0.76
435,Lusambo,CD,2021-04-24 23:15:15,-4.9667,23.45,69.17,98,87,1.28
436,Tera,NE,2021-04-24 23:15:16,14.0078,0.7531,87.53,8,1,3.44
437,Malmyzh,RU,2021-04-24 23:15:16,56.5205,50.6818,42.4,95,100,11.5
438,Sungai Pelek,MY,2021-04-24 23:15:16,2.6449,101.717,78.8,89,20,5.75
439,Kirakira,SB,2021-04-24 23:15:16,-10.4544,161.9205,85.17,68,95,1.81
440,Pravokumskoye,RU,2021-04-24 23:15:17,44.7694,44.6472,54.55,74,98,4.76
441,Martapura,ID,2021-04-24 23:15:17,-3.4167,114.85,77.0,94,12,2.3
442,Tanete,ID,2021-04-24 23:12:09,-3.9443,119.7848,75.54,90,37,3.78
443,Teruel,ES,2021-04-24 23:15:17,40.6667,-0.6667,51.8,100,98,3.8
444,Linqiong,CN,2021-04-24 23:15:18,30.4159,103.4609,62.6,82,40,0.63
445,George,ZA,2021-04-24 23:14:28,-33.963,22.4617,57.2,94,90,6.91
446,Aleksandrovskoye,RU,2021-04-24 23:15:18,44.7142,43.0008,51.8,82,75,6.71
447,Kavieng,PG,2021-04-24 23:14:37,-2.5744,150.7967,83.03,76,57,10.2
448,Lakatoro,VU,2021-04-24 23:15:19,-16.0999,167.4164,83.61,75,67,12.19
449,Nishihara,JP,2021-04-24 23:15:19,26.1842,127.7558,69.8,88,75,10.36
450,Oranjemund,NA,2021-04-24 23:12:18,-28.55,16.4333,59.99,83,40,3.29
451,Gazanjyk,TM,2021-04-24 23:15:19,39.2446,55.5154,69.75,51,71,8.34
452,Naze,JP,2021-04-24 23:12:22,28.3667,129.4833,69.8,68,40,18.41
453,Pangai,TO,2021-04-24 23:15:20,-19.8,-174.35,80.46,78,98,8.43
454,Labuhan,ID,2021-04-24 23:15:01,-6.8844,112.2051,76.6,85,38,6.55
455,Mantua,IT,2021-04-24 23:15:20,45.1667,10.7833,55.0,67,1,2.44
456,Beloha,MG,2021-04-24 23:14:54,-25.1667,45.05,71.55,68,3,8.46
457,Golden,US,2021-04-24 23:15:21,39.7555,-105.2211,68.0,22,75,2.37
458,Maxixe,MZ,2021-04-24 23:15:21,-23.8597,35.3472,70.02,85,0,8.12
459,Horodyshche,UA,2021-04-24 23:15:21,49.2849,31.4451,35.55,76,33,7.09
460,Bengkulu,ID,2021-04-24 23:14:19,-3.8004,102.2655,74.73,88,70,3.89
461,Skibbereen,IE,2021-04-24 23:15:22,51.55,-9.2667,48.2,61,40,10.36
462,Lebedinyy,RU,2021-04-24 23:15:22,58.5167,125.5167,29.43,96,100,4.59
463,Ponta Delgada,PT,2021-04-24 23:15:22,37.7333,-25.6667,59.0,82,75,16.11
464,Tingi,TZ,2021-04-24 23:15:23,-11.3,35.0333,61.99,95,59,3.96
465,Yeniseysk,RU,2021-04-24 23:15:23,58.4497,92.1703,32.83,98,100,3.87
466,Yantal,RU,2021-04-24 23:15:23,56.8471,105.2542,33.93,98,100,6.35
467,Jumla,NP,2021-04-24 23:15:24,29.2747,82.1838,42.4,65,3,5.68
468,Curup,ID,2021-04-24 23:15:24,-3.4667,102.5333,66.6,97,91,1.23
469,Ushtobe,KZ,2021-04-24 23:15:24,45.2514,77.9838,39.34,41,100,8.46
470,Margate,GB,2021-04-24 23:15:24,51.3813,1.3862,46.0,71,50,4.0
471,De-Kastri,RU,2021-04-24 23:15:25,51.4667,140.7833,34.97,61,12,8.66
472,Maceio,BR,2021-04-24 23:13:47,-9.6658,-35.7353,75.2,94,0,4.61
473,Nuuk,GL,2021-04-24 23:15:25,64.1835,-51.7216,37.4,75,40,12.66
474,Sarmanovo,RU,2021-04-24 23:15:26,55.2553,52.5891,42.8,93,75,8.95
475,Luangwa,ZM,2021-04-24 23:15:26,-15.6167,30.4167,66.49,76,16,1.54
476,Sayyan,YE,2021-04-24 23:15:26,15.1718,44.3244,58.44,45,10,2.17
477,Maniwaki,CA,2021-04-24 23:15:27,46.3834,-75.966,60.8,29,82,4.61
478,Zhangjiakou,CN,2021-04-24 23:15:27,40.81,114.8794,51.98,68,100,7.2
479,Namatanai,PG,2021-04-24 23:15:27,-3.6667,152.4333,83.46,71,30,7.94
480,Ketchikan,US,2021-04-24 23:15:27,55.3422,-131.6461,57.81,39,8,5.23
481,Champerico,GT,2021-04-24 23:15:28,14.3,-91.9167,82.4,78,75,4.61
482,Yaksatovo,RU,2021-04-24 23:15:28,46.2434,48.0151,55.4,62,0,8.95
483,Bonthe,SL,2021-04-24 23:15:28,7.5264,-12.505,81.01,78,13,8.46
484,Baie-Comeau,CA,2021-04-24 23:11:15,49.2168,-68.1489,50.0,40,1,9.22
485,Kamenka,RU,2021-04-24 23:15:29,51.3223,42.7678,37.0,76,2,15.37
486,Gambela,ET,2021-04-24 23:15:29,8.25,34.5833,74.59,75,64,3.78
487,Pathein,MM,2021-04-24 23:15:29,16.7833,94.7333,78.06,79,14,6.04
488,Princeton,US,2021-04-24 23:15:30,25.5384,-80.4089,82.99,74,40,5.75
489,Omsukchan,RU,2021-04-24 23:15:30,62.5333,155.8,8.56,84,100,6.51
490,Salalah,OM,2021-04-24 23:12:01,17.0151,54.0924,82.4,78,40,6.91
491,Whitehaven,GB,2021-04-24 23:15:31,54.549,-3.5841,46.99,72,27,3.0
492,Wajima,JP,2021-04-24 23:15:31,37.4,136.9,54.41,70,100,7.99
493,Skala,PL,2021-04-24 23:15:31,50.2305,19.8536,46.4,57,75,5.75
494,Devrek,TR,2021-04-24 23:15:31,41.2192,31.9558,51.6,97,100,2.13
495,West Odessa,US,2021-04-24 23:15:32,31.8424,-102.4988,82.0,12,1,2.59
496,Nizhniy Kuranakh,RU,2021-04-24 23:15:32,58.8353,125.4869,33.3,93,100,6.02
497,Mandalgovi,MN,2021-04-24 23:13:22,45.7625,106.2708,45.99,87,100,2.21
498,Riyadh,SA,2021-04-24 23:14:07,24.6877,46.7219,78.8,21,0,5.46
499,Dordrecht,NL,2021-04-24 23:15:33,51.81,4.6736,44.01,78,36,4.0
500,Monticello,US,2021-04-24 23:15:33,45.3055,-93.7941,48.99,31,1,11.16
501,Majene,ID,2021-04-24 23:15:33,-3.5403,118.9707,78.49,84,63,5.46
502,Huesca,ES,2021-04-24 23:15:34,42.1362,-0.4087,52.0,81,20,6.91
503,Souillac,MU,2021-04-24 23:15:34,-20.5167,57.5167,78.8,78,75,14.97
504,Huilong,CN,2021-04-24 23:15:34,31.8111,121.655,66.0,90,100,9.48
505,Agua Dulce,MX,2021-04-24 23:15:35,18.1333,-94.1333,96.8,34,1,8.05
506,Vung Tau,VN,2021-04-24 23:15:35,10.346,107.0843,81.66,77,54,5.99
507,Barcelos,PT,2021-04-24 23:12:25,41.5388,-8.6151,59.0,94,40,6.91
508,Puerto Madryn,AR,2021-04-24 23:15:35,-42.7692,-65.0385,58.44,53,8,7.43
509,Kamaishi,JP,2021-04-24 23:13:29,39.2667,141.8833,51.8,71,75,2.3
510,Taltal,CL,2021-04-24 23:15:36,-25.4,-70.4833,62.33,81,18,4.9
511,Pandan,PH,2021-04-24 23:15:36,14.0453,124.1694,79.59,77,89,6.85
512,Labrea,BR,2021-04-24 23:15:36,-7.2586,-64.7981,75.87,94,57,2.48
513,Luanda,AO,2021-04-24 23:13:05,-8.8368,13.2343,77.0,94,40,3.44
514,Eyrarbakki,IS,2021-04-24 23:15:37,63.863,-21.1481,46.4,76,75,13.8
515,Springdale,US,2021-04-24 23:15:37,36.1867,-94.1288,66.2,72,75,9.22
516,Shimoda,JP,2021-04-24 23:15:37,34.6667,138.95,64.4,72,40,14.97
517,Ndola,ZM,2021-04-24 23:15:38,-12.9587,28.6366,63.84,73,94,4.07
518,San Quintin,MX,2021-04-24 23:15:38,30.4833,-115.95,63.07,69,64,17.47
519,Evensk,RU,2021-04-24 23:12:57,61.95,159.2333,25.47,73,100,11.68
520,Dabakala,CI,2021-04-24 23:15:38,8.3667,-4.4333,77.65,83,48,5.39
521,Lyskovo,RU,2021-04-24 23:15:39,56.0328,45.0422,40.01,81,100,14.65
522,Clyde River,CA,2021-04-24 23:11:00,70.4692,-68.5914,17.6,100,75,10.36
523,Hofn,IS,2021-04-24 23:15:39,64.2539,-15.2082,45.54,90,96,4.07
524,Kiama,AU,2021-04-24 23:15:39,-34.6833,150.8667,62.01,79,0,1.01
525,San Jeronimo,PE,2021-04-24 23:15:40,-11.9472,-75.2829,53.04,73,24,5.86
526,Jacareacanga,BR,2021-04-24 23:15:40,-6.2222,-57.7528,79.61,82,100,2.08
527,Sept-Iles,CA,2021-04-24 23:15:40,50.2001,-66.3821,44.01,70,40,9.22
528,Jablanica,BA,2021-04-24 23:15:41,43.6603,17.7617,50.0,57,0,3.44
529,Yatou,CN,2021-04-24 23:15:41,37.15,122.3833,52.74,75,9,9.95
530,Bardiyah,LY,2021-04-24 23:15:41,31.7561,25.0865,67.15,55,21,16.58
531,Polis,CY,2021-04-24 23:15:42,35.0367,32.4264,55.4,88,0,2.3
532,Gejiu,CN,2021-04-24 23:15:42,23.306,103.1635,57.97,92,54,4.56
533,Minbu,MM,2021-04-24 23:15:42,20.1833,94.8833,85.14,41,98,6.53
534,Abnub,EG,2021-04-24 23:15:43,27.2696,31.1511,69.8,52,0,9.22
535,Manokwari,ID,2021-04-24 23:15:43,-0.8667,134.0833,75.56,93,100,4.21
536,Porto Torres,IT,2021-04-24 23:15:43,40.835,8.3972,48.2,93,0,3.44
537,Santa Maria,BR,2021-04-24 23:11:51,-29.6842,-53.8069,64.4,100,90,1.14
538,Nelson Bay,AU,2021-04-24 23:15:44,-32.7167,152.15,62.01,72,3,11.5
539,Royan,FR,2021-04-24 23:15:44,45.6285,-1.0281,64.4,45,0,6.91
540,Leshukonskoye,RU,2021-04-24 23:15:44,64.8989,45.7622,42.75,76,38,6.33
541,Havre-Saint-Pierre,CA,2021-04-24 23:12:58,50.2334,-63.5986,39.2,75,1,19.57
542,Kargat,RU,2021-04-24 23:15:45,55.1956,80.2811,34.48,77,26,4.36
543,Storm Lake,US,2021-04-24 23:15:45,42.6411,-95.2097,55.4,26,1,12.66
544,Nurota,UZ,2021-04-24 23:15:45,40.5614,65.6886,59.0,38,6,11.5
545,Tianpeng,CN,2021-04-24 23:15:46,30.9866,103.9393,64.99,1,100,1.74
546,Yagodnoye,RU,2021-04-24 23:15:46,62.55,149.6667,10.0,84,91,3.42
547,Port Angeles,US,2021-04-24 23:12:42,48.1181,-123.4307,48.99,93,90,2.91
548,Urengoy,RU,2021-04-24 23:15:47,65.9667,78.3667,30.7,89,100,6.55
549,Vila,PT,2021-04-24 23:15:47,42.0304,-8.1588,55.0,89,100,2.73
550,Providencia,MX,2021-04-24 23:15:47,28.7167,-111.5833,90.0,25,8,11.99
